Rk,Date,Home_Away,Opponent,Result,Off_Passing_Cmp,Off_Passing_Att,Off_Passing_Pct,Off_Passing_Yds,Off_Passing_TD,Off_Rushing_Att,Off_Rushing_Yds,Off_Rushing_Avg,Off_Rushing_TD,Off_Total_Offense_Plays,Off_Total_Offense_Yds,Off_Total_Offense_Avg,Off_First_Downs_Pass,Off_First_Downs_Rush,Off_First_Downs_Pen,Off_First_Downs_Tot,Off_Penalties_No.,Off_Penalties_Yds,Off_Turnovers_Fum,Off_Turnovers_Int,Off_Turnovers_Tot
1,2000-09-02,,Central Florida,W (21-17),23,41,56.1,226,3,44,110,2.5,0,85,336,4,13,11,2,26,9,90,2,0,2
2,2000-09-09,,Florida State,L (21-26),22,37,59.5,219,1,34,79,2.3,1,71,298,4.2,11,5,2,18,19,140,0,0,0
3,2000-09-16,,Navy,W (40-13),10,19,52.6,166,3,40,139,3.5,1,59,305,5.2,9,8,1,18,5,45,1,0,1
4,2000-09-21,@,North Carolina State,L (23-30),24,43,55.8,226,1,42,141,3.4,1,85,367,4.3,11,9,3,23,5,26,2,1,3
5,2000-09-30,@,North Carolina,W (42-28),21,30,70,238,2,40,134,3.4,3,70,372,5.3,13,5,0,18,7,64,0,2,2
6,2000-10-14,,Wake Forest,W (52-20),16,24,66.7,333,4,47,245,5.2,3,71,578,8.1,13,13,0,26,10,93,0,0,0
7,2000-10-21,,Duke,W (45-10),12,21,57.1,221,1,35,226,6.5,5,56,447,8,8,11,1,20,10,91,0,1,1
8,2000-10-28,@,Clemson,W (31-28),35,57,61.4,454,3,40,96,2.4,0,97,550,5.7,22,6,3,31,8,79,0,0,0
9,2000-11-09,,Virginia,W (35-0),29,37,78.4,323,2,57,304,5.3,3,94,627,6.7,18,16,0,34,5,35,0,0,0
10,2000-11-18,@,Maryland,W (35-22),19,30,63.3,354,2,53,193,3.6,3,83,547,6.6,13,14,0,27,7,56,1,0,1
11,2000-11-25,@,Georgia,W (27-15),20,35,57.1,222,1,34,140,4.1,1,69,362,5.2,11,7,0,18,7,50,0,2,2
12,2000-12-29,N,Louisiana State*,L (14-28),,,,,,,,,,0,0,,,,,,,,,,
1,2001-08-26,N,Syracuse,W (13-7),15,26,57.7,224,0,46,125,2.7,1,72,349,4.8,10,6,3,19,4,32,0,0,0
2,2001-09-01,,The Citadel,W (35-7),22,34,64.7,351,2,36,122,3.4,3,70,473,6.8,15,6,0,21,11,101,0,2,2
3,2001-09-08,@,Navy,W (70-7),15,19,78.9,291,3,54,270,5,6,73,561,7.7,10,12,0,22,9,80,0,1,1
4,2001-09-29,,Clemson,L (44-47),17,27,63,216,2,45,196,4.4,3,72,412,5.7,10,12,4,26,6,48,0,1,1
5,2001-10-06,@,Duke,W (37-10),24,40,60,295,2,48,210,4.4,2,88,505,5.7,11,15,1,27,6,55,1,2,3
6,2001-10-11,,Maryland,L (17-20),26,45,57.8,320,2,39,50,1.3,0,84,370,4.4,14,6,0,20,8,75,3,3,6
7,2001-10-20,,North Carolina State,W (27-17),24,39,61.5,256,2,43,124,2.9,0,82,380,4.6,12,9,4,25,8,58,1,0,1
8,2001-11-01,,North Carolina,W (28-21),18,27,66.7,187,1,52,237,4.6,2,79,424,5.4,9,13,4,26,4,26,0,1,1
9,2001-11-10,@,Virginia,L (38-39),39,55,70.9,486,1,33,74,2.2,4,88,560,6.4,22,3,4,29,11,86,0,1,1
10,2001-11-17,@,Wake Forest,W (38-33),20,27,74.1,267,3,47,146,3.1,2,74,413,5.6,7,13,0,20,7,44,1,1,2
11,2001-11-24,,Georgia,L (17-31),19,35,54.3,179,1,28,63,2.3,1,63,242,3.8,8,3,4,15,5,43,1,1,2
12,2001-12-01,@,Florida State,L (17-28),25,39,64.1,275,0,29,51,1.8,2,68,326,4.8,10,7,1,18,6,64,0,1,1
13,2001-12-27,N,Stanford*,W (24-14),,,,,,,,,,0,0,,,,,,,,,,
1,2002-08-31,,Vanderbilt,W (45-3),15,24,62.5,182,3,51,279,5.5,3,75,461,6.1,6,13,2,21,11,75,0,0,0
2,2002-09-07,@,Connecticut,W (31-14),14,21,66.7,189,0,43,226,5.3,4,64,415,6.5,6,11,0,17,6,45,1,0,1
3,2002-09-14,@,Clemson,L (19-24),17,31,54.8,201,1,32,102,3.2,2,63,303,4.8,8,5,1,14,8,101,1,1,2
4,2002-09-21,,Brigham Young,W (28-19),11,26,42.3,117,0,50,210,4.2,4,76,327,4.3,6,11,2,19,6,49,0,3,3
5,2002-09-28,@,North Carolina,W (21-13),19,33,57.6,211,2,49,185,3.8,1,82,396,4.8,12,9,3,24,6,45,0,2,2
6,2002-10-05,,Wake Forest,L (21-24),18,30,60,254,3,21,78,3.7,0,51,332,6.5,12,3,0,15,5,45,1,1,2
7,2002-10-17,@,Maryland,L (10-34),30,53,56.6,305,0,31,180,5.8,1,84,485,5.8,16,7,3,26,7,64,2,0,2
8,2002-10-26,,Virginia,W (23-15),26,42,61.9,220,1,44,211,4.8,1,86,431,5,16,8,1,25,10,66,1,0,1
9,2002-11-02,@,North Carolina State,W (24-17),22,37,59.5,214,1,42,143,3.4,1,79,357,4.5,8,11,2,21,9,74,0,1,1
10,2002-11-09,,Florida State,L (13-21),22,45,48.9,211,1,42,185,4.4,0,87,396,4.6,8,15,1,24,7,68,0,3,3
11,2002-11-16,,Duke,W (17-2),18,30,60,200,0,42,127,3,2,72,327,4.5,8,6,5,19,11,79,0,1,1
12,2002-11-30,@,Georgia,L (7-51),18,36,50,222,1,22,71,3.2,0,58,293,5.1,7,4,1,12,4,28,3,2,5
13,2002-12-31,N,Fresno State*,L (21-30),9,27,33.3,218,2,31,130,4.2,1,58,348,6,7,6,3,16,5,53,1,6,7
1,2003-08-28,@,Brigham Young,L (13-24),15,24,62.5,147,0,23,96,4.2,0,47,243,5.2,9,3,3,15,9,82,3,1,4
2,2003-09-06,,Auburn,W (17-3),9,21,42.9,149,1,39,102,2.6,1,60,251,4.2,6,5,2,13,9,65,1,0,1
3,2003-09-13,@,Florida State,L (13-14),12,25,48,128,0,39,112,2.9,1,64,240,3.8,7,6,2,15,7,56,2,1,3
4,2003-09-20,,Clemson,L (3-39),19,42,45.2,248,0,33,45,1.4,0,75,293,3.9,10,5,1,16,5,51,1,1,2
5,2003-09-27,@,Vanderbilt,W (24-17),11,22,50,108,1,39,223,5.7,2,61,331,5.4,5,8,0,13,5,34,0,2,2
6,2003-10-04,,North Carolina State,W (29-21),24,38,63.2,283,2,41,89,2.2,1,79,372,4.7,16,6,4,26,4,40,1,0,1
7,2003-10-11,@,Wake Forest,W (24-7),12,24,50,225,2,47,216,4.6,1,71,441,6.2,7,15,0,22,6,50,0,0,0
8,2003-10-23,,Maryland,W (7-3),12,28,42.9,98,1,41,130,3.2,0,69,228,3.3,7,7,0,14,3,15,0,1,1
9,2003-11-08,@,Duke,L (17-41),27,47,57.4,247,0,30,142,4.7,2,77,389,5.1,13,9,0,22,4,30,1,3,4
10,2003-11-15,,North Carolina,W (41-24),14,27,51.9,148,4,50,298,6,0,77,446,5.8,8,19,1,28,3,23,0,0,0
11,2003-11-22,@,Virginia,L (17-29),16,30,53.3,157,0,32,116,3.6,1,62,273,4.4,9,8,0,17,2,20,1,1,2
12,2003-11-29,,Georgia,L (17-34),21,38,55.3,255,2,41,146,3.6,0,79,401,5.1,10,7,3,20,6,65,1,3,4
13,2004-01-03,N,Tulsa*,W (52-10),7,13,53.8,19,0,54,371,6.9,7,67,390,5.8,2,13,0,15,5,45,1,0,1
1,2004-09-04,,Samford,W (28-7),14,22,63.6,201,2,45,268,6,2,67,469,7,10,12,1,23,10,71,1,1,2
2,2004-09-11,@,Clemson,W (28-24),20,36,55.6,251,4,48,112,2.3,0,84,363,4.3,14,9,1,24,5,60,0,1,1
3,2004-09-18,@,North Carolina,L (13-34),12,29,41.4,164,1,43,229,5.3,0,72,393,5.5,5,11,1,17,7,65,2,3,5
4,2004-10-02,,Miami (FL),L (3-27),8,26,30.8,68,0,37,162,4.4,0,63,230,3.7,3,10,2,15,2,15,1,3,4
5,2004-10-09,@,Maryland,W (20-7),11,22,50,197,1,43,131,3,1,65,328,5,8,6,2,16,8,62,0,0,0
6,2004-10-16,,Duke,W (24-7),11,21,52.4,147,2,38,183,4.8,1,59,330,5.6,9,7,1,17,5,56,1,2,3
7,2004-10-28,,Virginia Tech,L (20-34),14,29,48.3,179,1,40,166,4.2,1,69,345,5,8,9,2,19,8,65,2,2,4
8,2004-11-06,@,North Carolina State,W (24-14),9,28,32.1,91,2,33,178,5.4,0,61,269,4.4,5,7,1,13,6,55,0,3,3
9,2004-11-13,,Connecticut,W (30-10),22,38,57.9,288,2,37,122,3.3,0,75,410,5.5,11,8,0,19,9,68,1,0,1
10,2004-11-20,,Virginia,L (10-30),19,33,57.6,226,0,34,86,2.5,1,67,312,4.7,12,7,3,22,5,60,2,2,4
11,2004-11-27,@,Georgia,L (13-19),16,42,38.1,170,0,35,24,0.7,1,77,194,2.5,7,7,4,18,5,25,0,0,0
12,2004-12-21,N,Syracuse*,W (51-14),13,20,65,228,2,53,286,5.4,4,73,514,7,8,19,1,28,5,38,2,1,3
1,2005-09-03,@,Auburn,W (23-14),17,36,47.2,174,1,39,139,3.6,1,75,313,4.2,9,10,4,23,8,45,0,1,1
2,2005-09-10,,North Carolina,W (27-21),25,48,52.1,353,2,33,122,3.7,1,81,475,5.9,15,4,1,20,9,75,0,0,0
3,2005-09-17,,Connecticut,W (28-13),11,30,36.7,142,1,54,165,3.1,2,84,307,3.7,6,15,2,23,9,61,2,0,2
4,2005-09-24,@,Virginia Tech,L (7-51),13,32,40.6,143,1,25,74,3,0,57,217,3.8,4,2,0,6,9,75,1,2,3
5,2005-10-06,,North Carolina State,L (14-17),21,53,39.6,279,1,38,164,4.3,1,91,443,4.9,16,9,4,29,3,30,0,2,2
6,2005-10-15,@,Duke,W (35-10),17,27,63,147,1,49,257,5.2,3,76,404,5.3,8,13,4,25,5,55,1,1,2
7,2005-10-29,,Clemson,W (10-9),14,23,60.9,126,0,39,182,4.7,1,62,308,5,7,9,0,16,11,77,1,1,2
8,2005-11-05,,Wake Forest,W (30-17),12,27,44.4,200,2,42,187,4.5,1,69,387,5.6,9,7,1,17,7,55,0,0,0
9,2005-11-12,@,Virginia,L (17-27),20,39,51.3,207,1,27,136,5,1,66,343,5.2,10,11,0,21,10,89,0,1,1
10,2005-11-19,@,Miami (FL),W (14-10),11,30,36.7,159,0,44,120,2.7,2,74,279,3.8,8,8,4,20,5,35,1,0,1
11,2005-11-26,,Georgia,L (7-14),18,35,51.4,155,1,37,172,4.6,0,72,327,4.5,8,9,3,20,8,50,1,2,3
12,2005-12-29,N,Utah*,L (10-38),18,38,47.4,258,1,37,127,3.4,0,75,385,5.1,12,7,1,20,4,39,0,2,2
1,2006-09-02,,Notre Dame,L (10-14),12,24,50,140,1,28,119,4.3,0,52,259,5,5,9,0,14,5,28,0,0,0
2,2006-09-09,,Samford,W (38-6),19,32,59.4,138,2,36,177,4.9,1,68,315,4.6,7,11,1,19,6,51,0,1,1
3,2006-09-16,,Troy,W (35-20),15,32,46.9,180,2,41,320,7.8,3,73,500,6.8,9,14,2,25,9,67,0,2,2
4,2006-09-21,,Virginia,W (24-7),12,21,57.1,230,2,38,105,2.8,1,59,335,5.7,8,6,0,14,7,65,1,0,1
5,2006-09-30,@,Virginia Tech,W (38-27),9,17,52.9,176,2,36,149,4.1,2,53,325,6.1,4,7,0,11,8,83,0,2,2
6,2006-10-07,,Maryland,W (27-23),13,26,50,161,1,43,229,5.3,3,69,390,5.7,10,8,2,20,6,47,1,0,1
7,2006-10-21,@,Clemson,L (7-31),12,25,48,117,1,37,88,2.4,0,62,205,3.3,6,5,1,12,7,65,0,1,1
8,2006-10-28,,Miami (FL),W (30-23),12,28,42.9,195,2,33,87,2.6,1,61,282,4.6,8,6,2,16,5,49,1,0,1
9,2006-11-04,@,North Carolina State,W (31-23),13,35,37.1,215,4,43,194,4.5,0,78,409,5.2,10,10,3,23,5,35,0,2,2
10,2006-11-11,@,North Carolina,W (7-0),10,24,41.7,78,0,44,143,3.3,1,68,221,3.3,6,6,3,15,6,57,1,1,2
11,2006-11-18,,Duke,W (49-21),13,25,52,248,5,42,214,5.1,2,67,462,6.9,9,9,2,20,8,69,0,2,2
12,2006-11-25,@,Georgia,L (12-15),6,22,27.3,42,0,35,146,4.2,1,57,188,3.3,1,10,1,12,3,15,1,2,3
13,2006-12-02,N,Wake Forest,L (6-9),9,29,31,129,0,38,143,3.8,0,67,272,4.1,7,7,4,18,6,45,0,2,2
14,2007-01-01,N,West Virginia*,L (35-38),19,29,65.5,326,3,32,160,5,2,61,486,8,12,8,0,20,5,37,1,1,2
1,2007-09-01,@,Notre Dame,W (33-3),11,24,45.8,121,0,43,259,6,3,67,380,5.7,7,12,1,20,6,53,0,0,0
2,2007-09-08,,Samford,W (69-14),10,12,83.3,109,0,55,389,7.1,9,67,498,7.4,6,13,1,20,5,35,0,0,0
3,2007-09-15,,Boston College,L (10-24),20,39,51.3,204,0,28,63,2.3,1,67,267,4,10,4,2,16,10,100,0,0,0
4,2007-09-22,@,Virginia,L (23-28),17,40,42.5,230,1,31,121,3.9,1,71,351,4.9,11,6,0,17,7,61,1,1,2
5,2007-09-29,,Clemson,W (13-3),7,16,43.8,67,0,46,189,4.1,1,62,256,4.1,2,10,2,14,10,65,1,1,2
6,2007-10-06,@,Maryland,L (26-28),22,34,64.7,309,1,43,175,4.1,1,77,484,6.3,13,11,0,24,6,50,1,0,1
7,2007-10-13,@,Miami (FL),W (17-14),11,29,37.9,114,0,50,264,5.3,2,79,378,4.8,8,13,1,22,8,80,0,1,1
8,2007-10-20,,Army,W (34-10),14,25,56,218,0,51,292,5.7,4,76,510,6.7,12,15,2,29,12,110,2,0,2
9,2007-11-01,,Virginia Tech,L (3-27),12,29,41.4,166,0,26,105,4,0,55,271,4.9,6,7,0,13,4,29,1,5,6
10,2007-11-10,@,Duke,W (41-24),11,25,44,218,2,52,259,5,3,77,477,6.2,9,12,0,21,4,31,1,1,2
11,2007-11-17,,North Carolina,W (27-25),15,26,57.7,260,3,44,178,4,0,70,438,6.3,10,10,0,20,3,25,4,0,4
12,2007-11-24,,Georgia,L (17-31),12,32,37.5,179,1,39,136,3.5,1,71,315,4.4,10,9,3,22,7,70,1,2,3
13,2007-12-31,N,Fresno State*,L (28-40),17,32,53.1,218,2,40,161,4,2,72,379,5.3,11,10,2,23,8,62,0,1,1
1,2008-08-28,,Jacksonville State,W (41-14),8,15,53.3,135,0,46,349,7.6,6,61,484,7.9,6,13,0,19,6,70,2,0,2
2,2008-09-06,@,Boston College,W (19-16),6,13,46.2,73,0,40,162,4.1,2,53,235,4.4,4,8,0,12,4,45,3,0,3
3,2008-09-13,@,Virginia Tech,L (17-20),5,9,55.6,109,1,50,278,5.6,1,59,387,6.6,4,15,0,19,8,61,2,1,3
4,2008-09-20,,Mississippi State,W (38-7),4,9,44.4,62,1,54,438,8.1,4,63,500,7.9,2,19,2,23,6,69,0,0,0
5,2008-10-04,,Duke,W (27-0),9,14,64.3,230,1,59,224,3.8,2,73,454,6.2,8,10,3,21,5,40,1,0,1
6,2008-10-11,,Gardner-Webb,W (10-7),3,11,27.3,120,1,47,79,1.7,0,58,199,3.4,3,5,1,9,6,48,2,1,3
7,2008-10-18,@,Clemson,W (21-17),5,12,41.7,91,1,52,207,4,1,64,298,4.7,3,8,1,12,6,45,2,0,2
8,2008-10-25,,Virginia,L (17-24),7,15,46.7,103,0,41,156,3.8,2,56,259,4.6,4,13,0,17,2,15,2,1,3
9,2008-11-01,,Florida State,W (31-28),4,6,66.7,55,0,45,288,6.4,4,51,343,6.7,3,11,0,14,4,22,1,1,2
10,2008-11-08,@,North Carolina,L (7-28),10,23,43.5,97,0,54,326,6,1,77,423,5.5,7,13,0,20,4,40,2,1,3
11,2008-11-20,,Miami (FL),W (41-23),4,7,57.1,46,0,56,472,8.4,4,63,518,8.2,2,16,0,18,3,40,1,0,1
12,2008-11-29,@,Georgia,W (45-42),1,6,16.7,19,0,56,409,7.3,5,62,428,6.9,1,13,1,15,5,35,0,1,1
13,2008-12-31,,Louisiana State*,L (3-38),8,25,32,150,0,40,164,4.1,0,65,314,4.8,7,7,1,15,4,40,2,1,3
1,2009-09-05,,Jacksonville State,W (37-17),7,12,58.3,162,1,50,335,6.7,3,62,497,8,7,13,1,21,6,58,3,0,3
2,2009-09-10,,Clemson,W (30-27),4,15,26.7,117,1,49,301,6.1,1,64,418,6.5,4,10,1,15,6,50,0,2,2
3,2009-09-17,@,Miami (FL),L (17-33),6,15,40,133,1,39,95,2.4,1,54,228,4.2,4,6,2,12,8,44,0,0,0
4,2009-09-26,,North Carolina,W (24-7),7,11,63.6,89,0,69,317,4.6,3,80,406,5.1,4,18,2,24,7,65,0,0,0
5,2009-10-03,@,Mississippi State,W (42-31),11,14,78.6,266,1,54,213,3.9,4,68,479,7,8,14,1,23,9,61,1,0,1
6,2009-10-10,@,Florida State,W (49-44),4,8,50,131,1,57,401,7,6,65,532,8.2,4,19,2,25,2,9,3,0,3
7,2009-10-17,,Virginia Tech,W (28-23),1,7,14.3,51,0,63,309,4.9,4,70,360,5.1,1,17,1,19,6,33,1,1,2
8,2009-10-24,@,Virginia,W (34-9),4,8,50,85,0,71,362,5.1,4,79,447,5.7,2,17,1,20,8,70,1,0,1
9,2009-10-31,@,Vanderbilt,W (56-31),6,13,46.2,193,2,69,404,5.9,6,82,597,7.3,5,22,1,28,1,9,1,0,1
10,2009-11-07,,Wake Forest,W (30-27),4,14,28.6,51,0,62,412,6.6,4,76,463,6.1,3,19,2,24,7,78,0,1,1
11,2009-11-14,@,Duke,W (49-10),7,11,63.6,213,2,52,306,5.9,5,63,519,8.2,6,16,0,22,5,48,1,0,1
12,2009-11-28,,Georgia,L (24-30),6,13,46.2,135,1,51,205,4,2,64,340,5.3,4,11,2,17,5,35,1,1,2
13,2009-12-05,N,Clemson,W (39-34),9,18,50,136,1,65,333,5.1,3,83,469,5.7,4,23,1,28,5,31,0,0,0
14,2010-01-05,N,Iowa*,L (14-24),2,9,22.2,12,0,41,143,3.5,1,50,155,3.1,1,8,0,9,9,68,0,1,1
1,2010-09-04,,South Carolina State,W (41-10),2,8,25,12,0,56,372,6.6,6,64,384,6,0,20,5,25,6,46,1,1,2
2,2010-09-11,@,Kansas,L (25-28),5,15,33.3,116,1,52,291,5.6,2,67,407,6.1,3,13,2,18,9,91,1,0,1
3,2010-09-18,@,North Carolina,W (30-24),3,4,75,76,1,63,372,5.9,2,67,448,6.7,3,17,1,21,7,50,1,0,1
4,2010-09-25,,North Carolina State,L (28-45),5,18,27.8,116,1,48,247,5.1,2,66,363,5.5,4,11,0,15,4,35,2,0,2
5,2010-10-02,@,Wake Forest,W (24-20),11,21,52.4,130,2,48,209,4.4,0,69,339,4.9,6,9,2,17,8,79,2,0,2
6,2010-10-09,,Virginia,W (33-21),3,6,50,59,0,74,477,6.4,4,80,536,6.7,2,23,1,26,6,55,1,1,2
7,2010-10-16,,Middle Tennessee State,W (42-14),5,14,35.7,86,1,57,329,5.8,5,71,415,5.8,4,14,1,19,5,45,2,0,2
8,2010-10-23,@,Clemson,L (13-27),6,19,31.6,83,1,49,242,4.9,0,68,325,4.8,5,13,2,20,5,55,0,1,1
9,2010-11-04,@,Virginia Tech,L (21-28),2,10,20,80,0,51,346,6.8,3,61,426,7,2,13,0,15,9,52,0,2,2
10,2010-11-13,,Miami (FL),L (10-35),7,17,41.2,101,1,59,308,5.2,0,76,409,5.4,4,15,1,20,7,59,2,0,2
11,2010-11-20,,Duke,W (30-20),2,7,28.6,90,1,62,320,5.2,1,69,410,5.9,2,16,1,19,8,69,2,0,2
12,2010-11-27,@,Georgia,L (34-42),8,15,53.3,101,0,77,411,5.3,5,92,512,5.6,5,26,1,32,4,31,3,1,4
13,2010-12-27,N,Air Force*,L (7-14),5,14,35.7,41,0,57,279,4.9,1,71,320,4.5,2,16,0,18,3,22,3,1,4
1,2011-09-01,,Western Carolina,W (63-21),11,16,68.8,365,3,48,297,6.2,6,64,662,10.3,10,11,0,21,5,53,2,0,2
2,2011-09-10,@,Middle Tennessee State,W (49-21),6,10,60,214,2,65,382,5.9,5,75,596,7.9,5,24,0,29,3,23,1,0,1
3,2011-09-17,,Kansas,W (66-24),4,7,57.1,164,2,50,604,12.1,7,57,768,13.5,3,21,0,24,5,40,0,0,0
4,2011-09-24,,North Carolina,W (35-28),10,14,71.4,184,1,58,312,5.4,3,72,496,6.9,5,15,1,21,3,23,1,1,2
5,2011-10-01,@,North Carolina State,W (45-35),4,12,33.3,117,2,52,296,5.7,3,64,413,6.5,3,13,3,19,4,45,1,0,1
6,2011-10-08,,Maryland,W (21-16),6,21,28.6,114,0,60,272,4.5,3,81,386,4.8,5,16,0,21,8,63,0,1,1
7,2011-10-15,@,Virginia,L (21-24),2,8,25,24,0,53,272,5.1,2,61,296,4.9,1,16,0,17,5,40,0,2,2
8,2011-10-22,@,Miami (FL),L (7-24),7,14,50,77,0,48,134,2.8,1,62,211,3.4,5,9,0,14,2,10,2,1,3
9,2011-10-29,,Clemson,W (31-17),4,9,44.4,60,0,67,383,5.7,4,76,443,5.8,1,20,1,22,4,23,1,1,2
10,2011-11-10,,Virginia Tech,L (26-37),5,11,45.5,97,0,49,243,5,3,60,340,5.7,3,10,3,16,3,35,0,0,0
11,2011-11-19,@,Duke,W (38-31),6,13,46.2,185,0,58,364,6.3,5,71,549,7.7,5,17,0,22,7,59,2,0,2
12,2011-11-26,,Georgia,L (17-31),6,17,35.3,112,0,53,243,4.6,2,70,355,5.1,5,14,1,20,5,36,0,2,2
13,2011-12-31,N,Utah*,L (27-30),11,15,73.3,137,1,57,312,5.5,1,72,449,6.2,4,14,1,19,4,30,1,0,1
1,2012-09-03,@,Virginia Tech,L (17-20),10,16,62.5,96,1,55,192,3.5,1,71,288,4.1,5,12,0,17,5,35,0,1,1
2,2012-09-08,,Presbyterian,W (59-3),8,14,57.1,243,2,58,469,8.1,6,72,712,9.9,4,18,1,23,4,38,3,0,3
3,2012-09-15,,Virginia,W (56-20),7,12,58.3,133,1,50,461,9.2,7,62,594,9.6,3,17,2,22,9,47,1,0,1
4,2012-09-22,,Miami (FL),L (36-42),3,8,37.5,132,0,58,287,4.9,5,66,419,6.3,3,12,3,18,5,35,0,0,0
5,2012-09-29,,Middle Tennessee State,L (28-49),18,26,69.2,187,0,53,238,4.5,4,79,425,5.4,8,16,1,25,6,60,3,1,4
6,2012-10-06,@,Clemson,L (31-47),9,14,64.3,144,1,46,339,7.4,3,60,483,8.1,5,12,0,17,2,23,1,0,1
7,2012-10-20,,Boston College,W (37-17),6,15,40,172,1,76,391,5.1,4,91,563,6.2,5,24,1,30,7,65,0,0,0
8,2012-10-27,,Brigham Young,L (17-41),4,12,33.3,40,0,35,117,3.3,0,47,157,3.3,3,6,3,12,2,16,0,1,1
9,2012-11-03,@,Maryland,W (33-13),2,4,50,31,0,56,370,6.6,5,60,401,6.7,1,18,0,19,3,25,2,0,2
10,2012-11-10,@,North Carolina,W (68-50),7,12,58.3,208,1,67,380,5.7,7,79,588,7.4,6,21,1,28,4,30,0,1,1
11,2012-11-17,,Duke,W (42-24),8,14,57.1,119,3,72,330,4.6,3,86,449,5.2,6,22,0,28,6,41,0,0,0
12,2012-11-24,@,Georgia,L (10-42),10,21,47.6,120,0,67,306,4.6,1,88,426,4.8,4,20,2,26,4,30,1,1,2
13,2012-12-01,N,Florida State,L (15-21),5,16,31.3,118,0,52,183,3.5,1,68,301,4.4,4,15,0,19,3,25,0,2,2
14,2012-12-31,N,Southern California*,W (21-7),5,10,50,75,2,63,294,4.7,1,73,369,5.1,2,16,0,18,8,88,2,1,3
1,2013-08-31,,Elon,W (70-0),7,11,63.6,189,2,50,368,7.4,6,61,557,9.1,6,16,1,23,3,25,0,0,0
2,2013-09-14,@,Duke,W (38-14),8,16,50,125,4,60,344,5.7,1,76,469,6.2,8,18,2,28,6,46,0,1,1
3,2013-09-21,,North Carolina,W (28-20),7,12,58.3,104,1,71,324,4.6,3,83,428,5.2,6,19,2,27,5,40,1,0,1
4,2013-09-26,,Virginia Tech,L (10-17),7,24,29.2,144,0,42,129,3.1,1,66,273,4.1,5,8,3,16,9,66,1,2,3
5,2013-10-05,@,Miami (FL),L (30-45),6,19,31.6,66,0,62,335,5.4,4,81,401,5,3,20,0,23,3,15,1,2,3
6,2013-10-12,@,Brigham Young,L (20-38),11,24,45.8,163,1,52,237,4.6,1,76,400,5.3,6,12,0,18,10,76,1,1,2
7,2013-10-19,,Syracuse,W (56-0),3,5,60,88,1,67,394,5.9,7,72,482,6.7,2,22,2,26,0,0,0,1,1
8,2013-10-26,@,Virginia,W (35-25),5,9,55.6,113,0,52,394,7.6,5,61,507,8.3,4,14,0,18,9,97,3,2,5
9,2013-11-02,,Pittsburgh,W (21-10),5,10,50,84,0,53,276,5.2,3,63,360,5.7,3,16,0,19,3,35,2,0,2
10,2013-11-14,@,Clemson,L (31-55),15,26,57.7,192,0,45,253,5.6,4,71,445,6.3,9,11,2,22,6,55,1,1,2
11,2013-11-23,,Alabama A&M,W (66-7),2,6,33.3,48,0,52,428,8.2,8,58,476,8.2,2,17,1,20,1,5,0,0,0
12,2013-11-30,,Georgia,L (34-41),11,24,45.8,232,2,58,263,4.5,2,82,495,6,7,16,2,25,3,29,0,2,2
13,2013-12-30,N,Mississippi*,L (17-25),5,17,29.4,147,1,49,151,3.1,1,66,298,4.5,5,13,0,18,5,40,1,1,2
1,2014-08-30,,Wofford,W (38-19),11,16,68.8,282,2,43,226,5.3,3,59,508,8.6,9,12,0,21,5,50,0,0,0
2,2014-09-06,@,Tulane,W (38-21),3,8,37.5,15,0,57,344,6,4,65,359,5.5,2,20,2,24,4,35,2,1,3
3,2014-09-13,,Georgia Southern,W (42-38),11,24,45.8,188,4,53,348,6.6,2,77,536,7,7,19,2,28,4,55,0,0,0
4,2014-09-20,@,Virginia Tech,W (27-24),7,18,38.9,125,1,44,250,5.7,1,62,375,6,6,12,1,19,8,60,1,0,1
5,2014-10-04,,Miami (FL),W (28-17),4,7,57.1,53,0,65,318,4.9,4,72,371,5.2,2,18,1,21,7,69,0,0,0
6,2014-10-11,,Duke,L (25-31),14,26,53.8,201,0,46,282,6.1,3,72,483,6.7,9,17,0,26,8,69,1,2,3
7,2014-10-18,@,North Carolina,L (43-48),8,18,44.4,235,3,51,376,7.4,3,69,611,8.9,7,22,0,29,5,32,1,0,1
8,2014-10-25,@,Pittsburgh,W (56-28),5,12,41.7,147,1,64,465,7.3,7,76,612,8.1,4,23,0,27,3,15,1,0,1
9,2014-11-01,,Virginia,W (35-10),7,13,53.8,141,3,63,268,4.3,2,76,409,5.4,6,15,2,23,4,30,0,1,1
10,2014-11-08,@,North Carolina State,W (56-23),7,8,87.5,70,1,64,479,7.5,5,72,549,7.6,4,24,2,30,8,62,2,0,2
11,2014-11-15,,Clemson,W (28-6),8,11,72.7,102,1,50,251,5,0,61,353,5.8,6,9,1,16,2,10,2,0,2
12,2014-11-29,@,Georgia,W (30-24),6,16,37.5,64,1,70,399,5.7,3,86,463,5.4,4,27,1,32,5,24,2,0,2
13,2014-12-06,N,Florida State,L (35-37),8,14,57.1,134,1,59,331,5.6,4,73,465,6.4,8,19,1,28,3,20,0,1,1
14,2014-12-31,N,Mississippi State*,W (49-34),7,12,58.3,125,1,61,452,7.4,6,73,577,7.9,4,22,0,26,3,45,0,1,1
1,2015-09-03,,Alcorn State,W (69-6),4,5,80,77,1,52,476,9.2,9,57,553,9.7,4,20,2,26,0,0,1,0,1
2,2015-09-12,,Tulane,W (65-10),8,10,80,132,3,56,439,7.8,6,66,571,8.7,7,21,0,28,2,24,1,0,1
3,2015-09-19,@,Notre Dame,L (22-30),8,24,33.3,121,2,47,216,4.6,1,71,337,4.7,6,12,3,21,4,30,1,0,1
4,2015-09-26,@,Duke,L (20-34),6,22,27.3,143,1,60,173,2.9,1,82,316,3.9,5,11,0,16,1,5,1,1,2
5,2015-10-03,,North Carolina,L (31-38),12,21,57.1,162,1,59,255,4.3,3,80,417,5.2,8,17,2,27,4,39,1,1,2
6,2015-10-10,@,Clemson,L (24-43),6,14,42.9,159,2,42,71,1.7,0,56,230,4.1,5,6,1,12,5,50,0,1,1
7,2015-10-17,,Pittsburgh,L (28-31),6,15,40,106,1,40,376,9.4,3,55,482,8.8,3,15,1,19,5,54,1,1,2
8,2015-10-24,,Florida State,W (22-16),4,10,40,67,0,49,261,5.3,1,59,328,5.6,2,12,1,15,5,41,0,2,2
9,2015-10-31,@,Virginia,L (21-27),13,31,41.9,251,2,33,144,4.4,1,64,395,6.2,12,6,0,18,6,42,2,0,2
10,2015-11-12,,Virginia Tech,L (21-23),4,13,30.8,97,0,47,161,3.4,2,60,258,4.3,4,6,5,15,3,26,3,0,3
11,2015-11-21,@,Miami (FL),L (21-38),4,9,44.4,59,0,57,314,5.5,3,66,373,5.7,3,16,0,19,1,5,2,2,4
12,2015-11-28,,Georgia,L (7-13),6,18,33.3,82,1,41,194,4.7,0,59,276,4.7,4,11,2,17,2,13,1,2,3
1,2016-09-03,N,Boston College,W (17-14),8,15,53.3,119,0,44,119,2.7,2,59,238,4,4,7,1,12,3,28,1,0,1
2,2016-09-10,,Mercer,W (35-10),5,10,50,80,0,52,364,7,5,62,444,7.2,3,20,2,25,1,10,2,0,2
3,2016-09-17,,Vanderbilt,W (38-7),8,16,50,222,2,46,289,6.3,3,62,511,8.2,5,14,2,21,4,55,0,1,1
4,2016-09-22,,Clemson,L (7-26),4,14,28.6,29,0,38,95,2.5,1,52,124,2.4,1,7,3,11,2,15,0,1,1
5,2016-10-01,,Miami (FL),L (21-35),11,19,57.9,94,1,54,267,4.9,2,73,361,4.9,5,17,0,22,4,41,2,1,3
6,2016-10-08,@,Pittsburgh,L (34-37),7,10,70,130,1,45,241,5.4,2,55,371,6.7,5,13,0,18,5,46,0,0,0
7,2016-10-15,,Georgia Southern,W (35-24),7,11,63.6,172,1,44,265,6,4,55,437,7.9,7,11,1,19,3,30,0,0,0
8,2016-10-29,,Duke,W (38-35),10,14,71.4,264,2,47,341,7.3,3,61,605,9.9,9,11,0,20,8,46,2,0,2
9,2016-11-05,@,North Carolina,L (20-48),4,9,44.4,144,1,59,374,6.3,1,68,518,7.6,4,19,1,24,4,26,2,0,2
10,2016-11-12,@,Virginia Tech,W (30-20),2,7,28.6,34,0,58,309,5.3,3,65,343,5.3,1,12,2,15,7,35,1,0,1
11,2016-11-19,,Virginia,W (31-17),5,10,50,122,1,31,199,6.4,2,41,321,7.8,4,4,0,8,4,50,0,0,0
12,2016-11-26,@,Georgia,W (28-27),6,10,60,164,0,42,226,5.4,4,52,390,7.5,5,10,0,15,4,45,1,1,2
13,2016-12-31,N,Kentucky*,W (33-18),6,14,42.9,105,0,51,266,5.2,2,65,371,5.7,4,15,2,21,8,74,0,0,0
1,2017-09-04,,Tennessee,L (41-42),5,10,50,120,0,86,535,6.2,6,96,655,6.8,4,29,0,33,4,37,2,0,2
2,2017-09-09,,Jacksonville State,W (37-10),5,7,71.4,112,3,49,210,4.3,2,56,322,5.8,5,8,4,17,8,70,0,0,0
3,2017-09-23,,Pittsburgh,W (35-17),4,7,57.1,48,0,67,436,6.5,5,74,484,6.5,2,21,2,25,4,18,4,0,4
4,2017-09-30,,North Carolina,W (33-7),5,10,50,53,1,66,403,6.1,3,76,456,6,3,18,1,22,1,5,2,0,2
5,2017-10-14,@,Miami (FL),L (24-25),3,7,42.9,55,1,53,226,4.3,1,60,281,4.7,1,14,1,16,1,6,1,0,1
6,2017-10-21,,Wake Forest,W (38-24),5,11,45.5,68,0,66,427,6.5,5,77,495,6.4,5,21,3,29,5,45,0,0,0
7,2017-10-28,@,Clemson,L (10-24),3,13,23.1,32,0,43,198,4.6,1,56,230,4.1,2,7,1,10,2,20,1,0,1
8,2017-11-04,@,Virginia,L (36-40),6,22,27.3,179,1,52,220,4.2,3,74,399,5.4,5,11,0,16,6,45,0,2,2
9,2017-11-11,,Virginia Tech,W (28-22),2,8,25,140,2,57,261,4.6,2,65,401,6.2,2,15,2,19,5,45,0,1,1
10,2017-11-18,@,Duke,L (20-43),3,14,21.4,82,1,47,277,5.9,2,61,359,5.9,2,13,0,15,5,63,0,1,1
11,2017-11-25,,Georgia,L (7-38),2,9,22.2,38,1,46,188,4.1,0,55,226,4.1,1,11,0,12,3,40,0,1,1
1,2018-09-01,,Alcorn State,W (41-0),9,18,50,104,1,54,439,8.1,4,72,543,7.5,4,20,1,25,3,30,2,1,3
2,2018-09-08,@,South Florida,L (38-49),9,18,50,183,1,57,419,7.4,4,75,602,8,6,19,2,27,8,80,1,2,3
3,2018-09-15,@,Pittsburgh,L (19-24),6,15,40,66,0,56,320,5.7,3,71,386,5.4,4,16,2,22,5,35,1,1,2
4,2018-09-22,,Clemson,L (21-49),3,8,37.5,57,1,56,146,2.6,2,64,203,3.2,2,10,3,15,4,30,1,0,1
5,2018-09-29,,Bowling Green State,W (63-17),5,7,71.4,160,0,49,372,7.6,8,56,532,9.5,5,16,2,23,3,54,0,0,0
6,2018-10-05,@,Louisville,W (66-31),1,2,50,12,0,65,542,8.3,8,67,554,8.3,1,27,0,28,4,50,0,0,0
7,2018-10-13,,Duke,L (14-28),7,17,41.2,125,1,61,229,3.8,1,78,354,4.5,5,14,1,20,3,18,3,0,3
8,2018-10-25,@,Virginia Tech,W (49-28),0,1,0,0,0,78,465,6,7,79,465,5.9,0,31,4,35,6,50,0,0,0
9,2018-11-03,@,North Carolina,W (38-28),2,2,100,104,1,74,461,6.2,4,76,565,7.4,2,24,1,27,3,20,3,0,3
10,2018-11-10,,Miami (FL),W (27-21),3,4,75,73,1,53,231,4.4,2,57,304,5.3,3,12,0,15,3,35,1,0,1
11,2018-11-17,,Virginia,W (30-27),1,8,12.5,37,0,52,268,5.2,1,60,305,5.1,1,11,1,13,3,25,0,0,0
12,2018-11-24,@,Georgia,L (21-45),5,14,35.7,91,1,46,128,2.8,1,60,219,3.7,4,8,0,12,2,20,0,0,0
13,2018-12-26,N,Minnesota*,L (10-34),5,12,41.7,77,0,44,206,4.7,1,56,283,5.1,2,11,1,14,3,30,1,0,1
1,2019-08-29,@,Clemson,L (14-52),7,18,38.9,137,1,45,157,3.5,1,63,294,4.7,5,8,0,13,2,10,2,2,4
2,2019-09-07,,South Florida,W (14-10),14,21,66.7,76,0,49,181,3.7,2,70,257,3.7,2,13,6,21,2,20,1,1,2
3,2019-09-14,,The Citadel,L (24-27),7,13,53.8,118,1,33,183,5.5,2,46,301,6.5,4,10,0,14,8,80,0,0,0
4,2019-09-28,@,Temple,L (2-24),14,35,40,174,0,34,133,3.9,0,69,307,4.4,11,5,2,18,4,38,2,1,3
5,2019-10-05,,North Carolina,L (22-38),11,24,45.8,171,2,29,150,5.2,1,53,321,6.1,7,7,0,14,3,25,0,2,2
6,2019-10-12,@,Duke,L (23-41),15,35,42.9,206,1,40,173,4.3,2,75,379,5.1,9,11,0,20,6,55,0,0,0
7,2019-10-19,@,Miami (FL),W (28-21),10,19,52.6,138,2,45,207,4.6,1,64,345,5.4,4,12,2,18,9,82,1,0,1
8,2019-11-02,,Pittsburgh,L (10-20),8,21,38.1,108,1,29,86,3,0,50,194,3.9,4,3,3,10,4,38,1,1,2
9,2019-11-09,@,Virginia,L (28-33),15,22,68.2,229,2,32,143,4.5,2,54,372,6.9,8,8,3,19,6,51,0,1,1
10,2019-11-16,,Virginia Tech,L (0-45),11,25,44,81,0,31,53,1.7,0,56,134,2.4,2,4,2,8,6,40,0,2,2
11,2019-11-21,,North Carolina State,W (28-26),7,15,46.7,129,3,43,266,6.2,1,58,395,6.8,6,12,1,19,3,20,2,0,2
12,2019-11-30,,Georgia,L (7-52),5,21,23.8,40,1,37,99,2.7,0,58,139,2.4,1,6,0,7,4,34,1,0,1
1,2020-09-12,@,Florida State,W (16-13),23,34,67.6,277,1,40,161,4,1,74,438,5.9,12,12,0,24,10,80,0,2,2
2,2020-09-19,,Central Florida,L (21-49),18,37,48.6,244,1,44,227,5.2,2,81,471,5.8,12,11,0,23,7,49,3,2,5
3,2020-09-26,@,Syracuse,L (20-37),15,32,46.9,178,1,52,275,5.3,2,84,453,5.4,7,14,2,23,15,104,1,4,5
4,2020-10-09,,Louisville,W (46-27),12,22,54.5,258,3,34,192,5.6,4,56,450,8,9,9,1,19,7,55,0,0,0
5,2020-10-17,,Clemson,L (7-73),6,14,42.9,81,1,44,123,2.8,0,58,204,3.5,2,4,1,7,3,40,2,1,3
6,2020-10-24,@,Boston College,L (27-48),18,32,56.3,256,2,33,106,3.2,2,65,362,5.6,11,3,5,19,10,62,2,1,3
7,2020-10-31,,Notre Dame,L (13-31),15,26,57.7,150,0,33,88,2.7,1,59,238,4,5,10,2,17,6,50,1,0,1
8,2020-11-28,,Duke,W (56-33),13,23,56.5,146,3,48,377,7.9,4,71,523,7.4,6,16,1,23,11,112,2,1,3
9,2020-12-05,@,North Carolina State,L (13-23),13,27,48.1,151,0,51,261,5.1,1,78,412,5.3,8,14,1,23,12,111,0,0,0
10,2020-12-10,,Pittsburgh,L (20-34),19,36,52.8,250,2,29,98,3.4,1,65,348,5.4,13,6,2,21,8,86,1,2,3
1,2021-09-04,,Northern Illinois,L (21-22),16,27,59.3,158,1,51,271,5.3,2,78,429,5.5,7,16,2,25,2,5,1,0,1
2,2021-09-11,,Kennesaw State,W (45-17),17,23,73.9,254,4,36,158,4.4,1,59,412,7,12,8,0,20,5,31,1,0,1
3,2021-09-18,@,Clemson,L (8-14),20,34,58.8,203,0,38,95,2.5,0,72,298,4.1,10,8,3,20,10,63,0,1,1
4,2021-09-25,N,North Carolina,W (45-22),13,19,68.4,133,1,43,261,6.1,4,62,394,6.4,7,11,1,19,5,40,0,0,0
5,2021-10-02,,Pittsburgh,L (21-52),24,33,72.7,359,2,31,73,2.4,1,64,432,6.8,13,5,3,21,5,55,0,2,2
6,2021-10-09,@,Duke,W (31-27),12,25,48,297,3,38,146,3.8,1,63,443,7,8,7,2,17,7,54,0,2,2
7,2021-10-23,@,Virginia,L (40-48),27,44,61.4,300,3,34,270,7.9,2,78,570,7.3,15,11,2,28,3,35,0,1,1
8,2021-10-30,,Virginia Tech,L (17-26),15,26,57.7,183,2,30,183,6.1,0,56,366,6.5,7,7,2,16,7,77,1,1,2
9,2021-11-06,@,Miami (FL),L (30-33),21,38,55.3,194,1,32,135,4.2,2,70,329,4.7,9,4,2,15,8,76,0,1,1
10,2021-11-13,,Boston College,L (30-41),18,29,62.1,130,1,40,213,5.3,2,69,343,5,8,13,4,25,11,95,1,1,2
11,2021-11-20,@,Notre Dame,L (0-55),14,28,50,96,0,35,128,3.7,0,63,224,3.6,6,5,0,11,5,40,1,1,2
12,2021-11-27,,Georgia,L (0-45),8,16,50,68,0,35,98,2.8,0,51,166,3.3,2,7,0,9,5,43,0,0,0
1,2022-09-05,,Clemson,L (10-41),23,36,63.9,164,1,30,73,2.4,0,66,237,3.6,8,5,0,13,10,86,0,1,1
2,2022-09-10,,Western Carolina,W (35-17),8,17,47.1,100,0,34,243,7.1,5,51,343,6.7,6,8,1,15,4,50,0,1,1
3,2022-09-17,,Mississippi,L (0-42),18,32,56.3,161,0,34,53,1.6,0,66,214,3.2,7,5,1,13,4,25,0,0,0
4,2022-09-24,@,Central Florida,L (10-27),21,32,65.6,314,1,31,124,4,0,63,438,7,13,8,1,22,8,61,2,0,2
5,2022-10-01,@,Pittsburgh,W (26-21),11,27,40.7,102,1,44,232,5.3,1,71,334,4.7,4,11,2,17,4,43,0,0,0
6,2022-10-08,,Duke,W (23-20),24,36,66.7,232,2,37,180,4.9,0,73,412,5.6,12,10,2,24,8,88,0,0,0
7,2022-10-20,,Virginia,L (9-16),16,36,44.4,146,0,37,56,1.5,0,73,202,2.8,7,4,2,13,7,56,1,1,2
8,2022-10-29,@,Florida State,L (16-41),20,31,64.5,198,1,30,66,2.2,1,61,264,4.3,12,3,1,16,9,107,0,0,0
9,2022-11-05,@,Virginia Tech,W (28-27),19,32,59.4,253,1,45,210,4.7,2,77,463,6,7,12,3,22,3,25,0,1,1
10,2022-11-12,,Miami (FL),L (14-35),24,43,55.8,234,2,27,129,4.8,0,70,363,5.2,11,7,5,23,4,30,0,4,4
11,2022-11-19,@,North Carolina,W (21-17),15,23,65.2,187,0,49,186,3.8,3,72,373,5.2,11,8,0,19,2,20,0,1,1
12,2022-11-26,@,Georgia,L (14-37),20,36,55.6,215,1,28,40,1.4,1,64,255,4,9,5,1,15,6,32,1,0,1
1,2023-09-01,,Louisville,L (34-39),19,32,59.4,313,3,38,175,4.6,2,70,488,7,10,11,2,23,2,20,1,1,2
2,2023-09-09,,South Carolina State,W (48-13),24,34,70.6,310,4,33,268,8.1,2,67,578,8.6,12,14,2,28,3,45,1,1,2
3,2023-09-16,@,Mississippi,L (23-48),28,42,66.7,307,2,47,167,3.6,1,89,474,5.3,16,10,0,26,0,0,0,0,0
4,2023-09-23,@,Wake Forest,W (30-16),16,27,59.3,222,2,32,158,4.9,1,59,380,6.4,9,4,0,13,14,142,0,1,1
5,2023-09-30,,Bowling Green State,L (27-38),23,37,62.2,348,4,21,69,3.3,0,58,417,7.2,18,6,3,27,6,46,1,2,3
6,2023-10-07,@,Miami (FL),W (23-20),12,26,46.2,151,1,27,99,3.7,2,53,250,4.7,4,6,3,13,11,67,0,2,2
7,2023-10-21,,Boston College,L (23-38),14,32,43.8,204,1,35,248,7.1,2,67,452,6.7,12,10,1,23,5,35,0,3,3
8,2023-10-28,,North Carolina,W (46-42),23,30,76.7,287,4,48,348,7.3,2,78,635,8.1,11,17,1,29,3,19,0,1,1
9,2023-11-04,@,Virginia,W (45-17),24,33,72.7,209,1,44,305,6.9,5,77,514,6.7,10,17,2,29,8,85,0,0,0
10,2023-11-11,@,Clemson,L (21-42),14,32,43.8,137,2,33,117,3.5,1,65,254,3.9,6,6,1,13,4,38,0,4,4
11,2023-11-18,,Syracuse,W (31-22),16,20,80,138,2,37,206,5.6,2,57,344,6,6,12,5,23,3,35,1,1,2
12,2023-11-25,,Georgia,L (23-31),11,21,52.4,158,0,44,205,4.7,2,65,363,5.6,7,13,2,22,3,15,0,0,0
13,2023-12-22,N,Central Florida*,W (30-17),7,13,53.8,87,1,53,284,5.4,2,66,371,5.6,2,17,2,21,5,35,0,1,1
